claim_id,manuscript_section,claim_text,evidence_file,evidence_version,relevant_columns,filters,calculation,generated_table_or_figure,verification_status,notes
Q01,"Abstract; 4 Data","The corpus contains 2,424,793 canonical daily PM2.5 observations and 1,689 monitor time series.","artifacts/data_gate/summary.json","v0.3.2","canonical_records; monitor_series","primary 88101 data gate","Read fields directly.","table_data_summary.tex","pending_automated_verification","Counts are source-snapshot specific."
Q02,"Abstract; 4 Data; 7.3 RQ3","The complete event universe contains 563 persistent 88101 Method Code transition anchors.","artifacts/data_gate/summary.json","v0.3.2","eligible_anchors","primary 88101 data gate","Read field directly.","table_data_summary.tex; fig_event_flow.pdf","pending_automated_verification","A Method Code transition remains a metadata anchor."
Q03,"Abstract; 4 Data; 7.5 RQ5","238 anchors have at least three distinct physical geographic donors.","artifacts/data_gate/summary.json","v0.3.2","anchors_with_three_geographic_controls","one best POC per physical donor site","Read field directly.","table_data_summary.tex; fig_event_flow.pdf","pending_automated_verification","Physical donor uniqueness is enforced."
Q04,"Abstract; 7.3 RQ3; 7.5 RQ5","The audit has 228 complete comparisons, 325 donor-insufficient events, and 10 estimator-input failures.","artifacts/real_transition_88101_event_audit.csv","v0.3.2","audit_status","group by audit_status","Count each status.","table_real_audit.tex; fig_event_flow.pdf","pending_automated_verification","Counts reconcile to 563."
Q05,"Abstract; 6 Experiments","The stable synthetic benchmark has 146 physical target sites: 66 calibration and 80 evaluation sites with disjoint complete target-plus-donor footprints.","artifacts/stable_synthetic_case_manifest.json; artifacts/stable_synthetic_case_split_audit.json","v0.3.2","case_count; calibration_physical_sites; evaluation_physical_sites; all_input_physical_sites_disjoint","frozen stable_full_v2 manifest","Read fields directly.","table_data_summary.tex; fig_pipeline.pdf","pending_automated_verification","The 80 evaluation targets have already been viewed and cannot be reused for tuning."
Q06,"Abstract; 6 Experiments; 7.1 RQ1","Each local and matched regional perturbation variant has 400 evaluation samples.","artifacts/stable_synthetic_stable_full_v2_metrics.csv","v0.3.2","evaluation_instances","standard_synthetic_control; aggregate row","4000 aggregate instances divided by 10 variants.","table_synthetic_metrics.tex; fig_synthetic_metrics.pdf","pending_automated_verification","Five local shapes plus five matched regional variants."
Q07,"Abstract; 7.1 RQ1; 7.2 RQ2","Standard synthetic control aggregate local-effect MAE/AUPRC/macro-F1/regional FPR are 0.09983/0.91476/0.81641/0.140.","artifacts/stable_synthetic_stable_full_v2_metrics.csv","v0.3.2","local_effect_mae_log; average_precision; macro_f1; false_positive_rate","method=standard_synthetic_control; aggregate row","Read and round with project half-up display rule.","table_synthetic_metrics.tex; fig_synthetic_metrics.pdf","pending_automated_verification","Benchmark-specific, not universal performance."
Q08,"Abstract; 7.1 RQ1; 7.2 RQ2","Fixed-prior and cross-validated MetaShift aggregate MAE/AUPRC/macro-F1/regional FPR are reported against standard synthetic control.","artifacts/stable_synthetic_stable_full_v2_metrics.csv","v0.3.2","local_effect_mae_log; average_precision; macro_f1; false_positive_rate","method in metashift_v1_fixed, metashift_v2_cv; aggregate rows","Read and round with project half-up display rule.","table_synthetic_metrics.tex; fig_synthetic_metrics.pdf","pending_automated_verification","No composite favorable score is used."
Q09,"Abstract; 7.2 RQ2","Cross-validated MetaShift has a -0.00240 paired MAE difference versus standard synthetic control, 95% CI [-0.00772, 0.00347].","artifacts/stable_synthetic_stable_full_v2_bootstrap.csv","v0.3.2","mae_difference_log; bootstrap_95ci_lower; bootstrap_95ci_upper; clusters","comparison=metashift_v2_cv minus standard_synthetic_control","Read and half-up round to five decimals.","table_paired_bootstrap.tex; fig_paired_bootstrap.pdf","pending_automated_verification","The confidence interval crosses zero."
Q10,"7.2 RQ2","Fixed-prior MetaShift has a 0.00361 paired MAE difference versus standard synthetic control, 95% CI [-0.00401, 0.01163].","artifacts/stable_synthetic_stable_full_v2_bootstrap.csv","v0.3.2","mae_difference_log; bootstrap_95ci_lower; bootstrap_95ci_upper; clusters","comparison=metashift_v1_fixed minus standard_synthetic_control","Read and half-up round to five decimals.","table_paired_bootstrap.tex; fig_paired_bootstrap.pdf","pending_automated_verification","The confidence interval crosses zero."
Q11,"6 Experiments; 7.1 RQ1","Main and ablation experiments share 7,300 exactly aligned standard-synthetic-control rows to tolerance 1e-10.","artifacts/benchmark_ablation_alignment_stable_full_v2.json","v0.3.2","shared_standard_rows; all_rows_aligned; tolerance","all rows","Read fields directly.","table_reproducibility.tex","pending_automated_verification","Guards against random-seed confounding in ablations."
Q12,"7.3 RQ3","The real audit assigns 34 supported candidates, 122 not-supported events, and 407 inconclusive events.","artifacts/real_transition_88101_evidence_tier_summary.json","v0.3.2","counts.supported_candidate_discontinuity; counts.not_supported_by_available_evidence; counts.inconclusive_insufficient_evidence","all anchors","Read fields directly.","table_real_audit.tex; fig_evidence_tiers.pdf","pending_automated_verification","Evidence tiers are not causal or fault labels."
Q13,"7.3 RQ3","157 complete events have at least 50 stable post-transition time placebos; 128 have 100.","artifacts/time_placebo_summary.csv","v0.3.2","status; placebo_count","status starts complete_; placebo_count >=100","Count rows.","table_real_audit.tex; fig_placebos.pdf","pending_automated_verification","71 anchors lack enough stable placebo dates."
Q14,"7.3 RQ3","71 complete events have raw time-placebo probability at most 0.10, while 40 pass the exploratory BH q<=0.10 screen.","artifacts/time_placebo_summary.csv; artifacts/real_transition_88101_evidence_tiers.csv","v0.3.2","placebo_p_value; placebo_q_value","complete time-placebo rows; q<=0.10","Count qualifying rows.","table_real_audit.tex; fig_placebos.pdf","pending_automated_verification","Screening quantities are exploratory, not causal p-values."
Q15,"7.3 RQ3","The date-resampling comparison uses 200 resamples and has upper-tail probability 0.00498.","artifacts/time_placebo_date_permutations.csv","v0.3.2","permutation; mean_score_difference","all 200 permutations","(1 + count(mean_score_difference <= 0))/(200 + 1).","table_real_audit.tex; fig_placebos.pdf","pending_automated_verification","Supports diagnostic difference from stable dates, not physical causation."
Q16,"7.3 RQ3","The donor-as-treated placebo table has 866 records and median standardized score 0.40831.","artifacts/donor_as_treated_placebos.csv","v0.3.2","standardized_score","all rows","Count rows and take median.","table_real_audit.tex; fig_placebos.pdf","pending_automated_verification","Corrects the earlier draft's stale record count."
Q17,"7.3 RQ3","Fixed-weight intervals exclude zero for 159/228 MetaShift, 145/228 standard synthetic control, and 134/228 nearest-neighbor DiD events.","artifacts/real_transition_88101_event_intervals.csv","v0.3.2","method; ci_excludes_zero","group by method","Sum ci_excludes_zero and count anchors.","table_real_audit.tex","pending_automated_verification","These are conditional diagnostic intervals."
Q18,"7.3 RQ3; 7.4 RQ4","Selection-aware nested intervals are available for 227 events; 153 exclude zero and mean width is 0.19057 log units.","artifacts/real_transition_88101_nested_selection_intervals.csv","v0.3.2","selection_ci_excludes_zero; selection_ci95_lower; selection_ci95_upper","all 227 complete nested rows","Count excludes; mean upper minus lower.","table_real_audit.tex; table_interval_coverage.tex","pending_automated_verification","One event fails nested resampling; scope remains fixed candidate pool."
Q19,"7.3 RQ3","Leave-one-donor-out refits are complete for 227 events, and 202 retain direction under every donor removal.","artifacts/leave_one_donor_out_summary.csv","v0.3.2","summary_status; direction_stable_all_donors","summary_status=complete","Count rows and true flags.","table_real_audit.tex","pending_automated_verification","One partial result is retained rather than removed."
Q20,"7.4 RQ4","Nominal 95% fixed-weight conditional bootstrap coverage on evaluation is 63.9% to 67.3% across four methods.","artifacts/synthetic_interval_coverage_v2_summary.csv","v0.3.2","interval_type; nominal_coverage; split; stratum_type; empirical_coverage","conditional_block_bootstrap; split=evaluation; stratum_type=all","Report method-wise range.","table_interval_coverage.tex; fig_interval_coverage.pdf","pending_automated_verification","Undercoverage is a negative calibration result."
Q21,"7.4 RQ4","Nominal 90% split-conformal coverage on evaluation is 98.8% to 99.6% across four methods.","artifacts/synthetic_interval_coverage_v2_summary.csv","v0.3.2","interval_type; nominal_coverage; split; stratum_type; empirical_coverage","split_conformal; split=evaluation; stratum_type=all","Report method-wise range.","table_interval_coverage.tex; fig_interval_coverage.pdf","pending_automated_verification","Overcoverage is a negative calibration result."
Q22,"7.4 RQ4; 10 Limitations","Selection-aware synthetic coverage is not reported because the frozen full donor-reselection protocol was infeasible within the deadline.","configs/selection_aware_coverage_protocol_v2.json","v0.3.2","feasibility_assessment.conclusion; honest_limitation","frozen protocol","Read fields directly.","table_limitations.tex","pending_automated_verification","Real nested intervals are not claimed to have calibrated coverage."
Q23,"7.5 RQ5","Nine of eleven hourly same-site POC candidates have paired hourly windows, with eight of nine daily/hourly direction agreements.","artifacts/hourly_poc_validation_summary.csv","v0.3.2","status; hourly_daily_direction_agreement","status=paired_hourly_pre_post_available","Count paired rows and true agreement.","table_real_audit.tex","pending_automated_verification","Same-site POC is not physical-instrument ground truth."
Q24,"7.5 RQ5","The targeted external-document review found 0/20 dated site-specific confirmations.","artifacts/external_document_review_summary.json; paper/EXTERNAL_DOCUMENT_REVIEW.csv","v0.3.2","reviewed_events; site_specific_dated_confirmations","all selected records","Read summary fields and reconcile with CSV.","table_real_audit.tex","pending_automated_verification","An unlocated notice is unavailable evidence, not evidence of no change."
Q25,"7.5 RQ5","The independent 88502 pipeline has 34 anchors and 3 complete common-method comparisons.","artifacts/data_gate_88502/summary.json; artifacts/real_transition_88502_event_audit.csv","v0.3.2","eligible_anchors; audit_status","parameter=88502; audit_status=complete","Read anchor count and count complete rows.","table_real_audit.tex","pending_automated_verification","Do not combine 88502 and 88101."
Q26,"11 Reproducibility","The v0.3.2 evidence release passes 35 release-gate checks, 12 document-consistency checks, 57 manuscript-number checks, and 59 unit tests; two designated hash captures match.","results/release_gate.json; results/document_consistency.json; results/manuscript_number_verification.json; results/reproducibility_comparison.json","v0.3.2","checks; all_checks_passed; all_numbers_match; all_core_artifacts_match","frozen evidence capture","Count checks and read booleans.","table_reproducibility.tex","pending_automated_verification","Release gate and reports are generated outputs, not scientific outcomes."
